"id","fqdn/ip","port","severity","finding","cve","cwe"
"service","vigipirate.gouv.fr/87.98.148.216","443","INFO","HTTP","",""
"pre_128cipher","vigipirate.gouv.fr/87.98.148.216","443","INFO","No 128 cipher limit bug","",""
"SSLv2","vigipirate.gouv.fr/87.98.148.216","443","OK","not offered","",""
"SSLv3","vigipirate.gouv.fr/87.98.148.216","443","OK","not offered","",""
"TLS1","vigipirate.gouv.fr/87.98.148.216","443","INFO","not offered","",""
"TLS1_1","vigipirate.gouv.fr/87.98.148.216","443","INFO","not offered","",""
"TLS1_2","vigipirate.gouv.fr/87.98.148.216","443","OK","offered","",""
"TLS1_3","vigipirate.gouv.fr/87.98.148.216","443","INFO","not offered + downgraded to weaker protocol","",""
"ALPN_HTTP2","vigipirate.gouv.fr/87.98.148.216","443","OK","h2","",""
"ALPN","vigipirate.gouv.fr/87.98.148.216","443","INFO","http/1.1","",""
"cipherlist_NULL","vigipirate.gouv.fr/87.98.148.216","443","OK","not offered","","CWE-327"
"cipherlist_aNULL","vigipirate.gouv.fr/87.98.148.216","443","OK","not offered","","CWE-327"
"cipherlist_EXPORT","vigipirate.gouv.fr/87.98.148.216","443","OK","not offered","","CWE-327"
"cipherlist_LOW","vigipirate.gouv.fr/87.98.148.216","443","OK","not offered","","CWE-327"
"cipherlist_3DES_IDEA","vigipirate.gouv.fr/87.98.148.216","443","INFO","not offered","","CWE-310"
"cipherlist_OBSOLETED","vigipirate.gouv.fr/87.98.148.216","443","LOW","offered","","CWE-310"
"cipherlist_STRONG_NOFS","vigipirate.gouv.fr/87.98.148.216","443","OK","offered","",""
"cipherlist_STRONG_FS","vigipirate.gouv.fr/87.98.148.216","443","OK","offered","",""
"cipher_order-tls1_2","vigipirate.gouv.fr/87.98.148.216","443","OK","server","",""
"cipherorder_TLSv1_2","vigipirate.gouv.fr/87.98.148.216","443","INFO","ECDHE-RSA-AES128-GCM-SHA256","",""
"cipher_order","vigipirate.gouv.fr/87.98.148.216","443","OK","server","",""
"FS","vigipirate.gouv.fr/87.98.148.216","443","OK","offered","",""
"FS_ciphers","vigipirate.gouv.fr/87.98.148.216","443","INFO","DHE-RSA-AES128-GCM-SHA256 DHE-RSA-AES128-SHA256 DHE-RSA-AES256-GCM-SHA384 DHE-RSA-AES256-SHA256 ECDHE-RSA-AES128-GCM-SHA256 ECDHE-RSA-AES128-SHA256 ECDHE-RSA-AES256-GCM-SHA384 ECDHE-RSA-AES256-SHA384","",""
"FS_ECDHE_curves","vigipirate.gouv.fr/87.98.148.216","443","OK","sect283k1 sect283r1 sect409k1 sect409r1 sect571k1 sect571r1 secp256k1 prime256v1 secp384r1 secp521r1 brainpoolP256r1 brainpoolP384r1 brainpoolP512r1","",""
"TLS_extensions","vigipirate.gouv.fr/87.98.148.216","443","INFO","'server name/#0' 'renegotiation info/#65281' 'EC point formats/#11' 'session ticket/#35' 'status request/#5' 'heartbeat/#15' 'application layer protocol negotiation/#16'","",""
"TLS_session_ticket","vigipirate.gouv.fr/87.98.148.216","443","INFO","valid for 300 seconds only (<daily)","",""
"SSL_sessionID_support","vigipirate.gouv.fr/87.98.148.216","443","INFO","yes","",""
"sessionresumption_ticket","vigipirate.gouv.fr/87.98.148.216","443","INFO","supported","",""
"sessionresumption_ID","vigipirate.gouv.fr/87.98.148.216","443","INFO","supported","",""
"TLS_timestamp","vigipirate.gouv.fr/87.98.148.216","443","INFO","random","",""
"cert_compression","vigipirate.gouv.fr/87.98.148.216","443","INFO","N/A","",""
"clientAuth","vigipirate.gouv.fr/87.98.148.216","443","INFO","none","",""
"cert_numbers","vigipirate.gouv.fr/87.98.148.216","443","INFO","1","",""
"cert_signatureAlgorithm","vigipirate.gouv.fr/87.98.148.216","443","OK","SHA256 with RSA","",""
"cert_keySize","vigipirate.gouv.fr/87.98.148.216","443","OK","RSA 3072 bits (exponent is 65537)","",""
"cert_keyUsage","vigipirate.gouv.fr/87.98.148.216","443","INFO","Digital Signature, Key Encipherment","",""
"cert_extKeyUsage","vigipirate.gouv.fr/87.98.148.216","443","INFO","TLS Web Server Authentication","",""
"cert_serialNumber","vigipirate.gouv.fr/87.98.148.216","443","INFO","163AE8D06D017AC63A61FE0AB0901E99","",""
"cert_serialNumberLen","vigipirate.gouv.fr/87.98.148.216","443","INFO","16","",""
"cert_fingerprintSHA1","vigipirate.gouv.fr/87.98.148.216","443","INFO","FD25870C18D26F58AFD4DD87F5E41A966EBFD8EC","",""
"cert_fingerprintSHA256","vigipirate.gouv.fr/87.98.148.216","443","INFO","7C2CBCC29C4A7FB0DCCB85C681E93AD27DFDCA14F39E45602B6F3B34291350A6","",""
"cert","vigipirate.gouv.fr/87.98.148.216","443","INFO","-----BEGIN CERTIFICATE-----\nMIIIyzCCBrOgAwIBAgIQFjro0G0BesY6Yf4KsJAemTANBgkqhkiG9w0BAQsFADB9MQswCQYDVQQGEwJGUjESMBAGA1UECgwJREhJTVlPVElTMRwwGgYDVQQLDBMwMDAyIDQ4MTQ2MzA4MTAwMDM2MR0wGwYDVQRhDBROVFJGUi00ODE0NjMwODEwMDAzNjEdMBsGA1UEAwwUQ2VydGlnbmEgU2VydmljZXMgQ0EwHhcNMjQwMzI0MjMwMDAwWhcNMjQxMjA4MjI1OTU5WjBiMQswCQYDVQQGEwJGUjERMA8GA1UEBwwIUEFSSVMgU1AxDjAMBgNVBAoMBVNHRFNOMRswGQYDVQQDDBJ2aWdpcGlyYXRlLmdvdXYuZnIxEzARBgNVBAUTClMzMDQzNjA5MzQwggGiMA0GCSqGSIb3DQEBAQUAA4IBjwAwggGKAoIBgQCn6KanyZUjmQO71U7j1rNT6DOh+sz7MDSsyoF25n5BXltZU3bS5wXfEPBiib4s5uZrCLKAJUaCtjIj5cB/IJrVOzIJtVg8vGLbs6H+yJkyxvoaXHFMBnhB8tzwWTDL31sFtJBLRyFHYF/qIiMPaN/uugJ5FLeLnPsNXXrOR6i4VcAWdaIibUCbIU6Jf8doDN1/BWP/WT/AP1KckCGHJEjmgoCV64k5p4QsGW9euNqGV0zC7Lq5HnG6ED2O9NF+u3j1pAX1+skiM1hXtgs76OxMKThL7tYRVNJaPaRxV6Kl0gD0/uXJtrrFaXok05KI+hOx17H1aq3yC3xST0/CQBbrxhpM6LUQL2wuhljsh5qlpxL74CIw5By2EcVmJNQXbLqojtW7g7yzNcU5RzkMPuO8H6rfGILqlD+BWeXoPt9p4H2Cj87PGRwUlxy445aWQ0WChA0r/hfFH4kdzQ4oWAj5ysUwBwQG2Au9XyrXcjsgzbLiXdYv5lwZWr/A5tJN/HMCAwEAAaOCA+AwggPcMIHkBggrBgEFBQcBAQSB1zCB1DA4BggrBgEFBQcwAoYsaHR0cDovL2F1dG9yaXRlLmRoaW15b3Rpcy5jb20vc2VydmljZXNjYS5kZXIwNgYIKwYBBQUHMAKGKmh0dHA6Ly9hdXRvcml0ZS5jZXJ0aWduYS5mci9zZXJ2aWNlc2NhLmRlcjAwBggrBgEFBQcwAYYkaHR0cDovL3NlcnZpY2VzY2Eub2NzcC5kaGlteW90aXMuY29tMC4GCCsGAQUFBzABhiJodHRwOi8vc2VydmljZXNjYS5vY3NwLmNlcnRpZ25hLmZyMB8GA1UdIwQYMBaAFKzsho9LNxy4fxcbGdCu6E7jNFwSMAwGA1UdEwEB/wQCMAAwYQYDVR0gBFowWDAIBgZngQwBAgIwTAYLKoF6AYExAgUBAQIwPTA7BggrBgEFBQcCARYvaHR0cHM6Ly93d3cuY2VydGlnbmEuY29tL2F1dG9yaXRlLWNlcnRpZmljYXRpb24wZQYDVR0fBF4wXDAroCmgJ4YlaHR0cDovL2NybC5jZXJ0aWduYS5mci9zZXJ2aWNlc2NhLmNybDAtoCugKYYnaHR0cDovL2NybC5kaGlteW90aXMuY29tL3NlcnZpY2VzY2EuY3JsMBMGA1UdJQQMMAoGCCsGAQUFBwMBMA4GA1UdDwEB/wQEAwIFoDA1BgNVHREELjAsghJ2aWdpcGlyYXRlLmdvdXYuZnKCFnd3dy52aWdpcGlyYXRlLmdvdXYuZnIwHQYDVR0OBBYEFGBes2iRXNf9+0++K6aCUwFyPHBuMIIBfQYKKwYBBAHWeQIEAgSCAW0EggFpAWcAdQB2/4g/Crb7lVHCYcz1h7o0tKTNuyncaEIKn+ZnTFo6dAAAAY50nGJ8AAAEAwBGMEQCIAMJiyb6C+cuIDFCfW5L76KcUnFn91LSSli1qZgoo9Q+AiAA6Ch6fFl+MVSbAr5ue9A5wx4fuQsR63E5rVlHlZo5uQB2AO7N0GTV2xrOxVy3nbTNE6Iyh0Z8vOzew1FIWUZxH7WbAAABjnScZIQAAAQDAEcwRQIgOeXK/DdtQQ9fTagkkVmplrQex85tiJ74nUVCMDNH8l4CIQCk1AGbQEln9ObQZzNfLXWkWLXKxFb96HXXV3ucD37ARwB2AFWB1MIWkDYBSuoLm1c8U/DA5Dh4cCUIFy+jqh0HE9MMAAABjnScZlYAAAQDAEcwRQIhAMkFkFCqeTfj7887iCODpDMoG3cqcfpNmiV+Ygjw0M2oAiBeXoRLLaw9OXFqIpsR1YOYZ0LyIT4TYUJChN3aoCTz3zANBgkqhkiG9w0BAQsFAAOCAgEAJL2RTLT5gOTeHZ9d9f0UJz8WHFeAjKUUAq++PA1kN+vIUdkAexshaMmF61Cl4U71Xtk/PKV+vGgTH/6oeNezRE5hf+e5oRyxZAe8fIJcpsFaYZnrm+qu318Uy2NzMIPDg9xixSDZMQ9NhHHaWqeXRK9HkkZBc7Lz3dhtenc6h2Xz5dHXFlzVr7FN1yGQXWEh3+QovhSDQU61Nm9aWEsesAWFnIm8aHrOljAXWbW11xU0a3g+SUwA1DY0pCtkWxJmCVrxlKUf0+/+kjJioG+QIk6Zat0GJpuTZbCpz65OFLN4ndTSUc1DxAIArE7T+BMaZzOMTE3HIBfAHnvQga9e+QSWe3lLu/9gKk/X4HKTto/NzhZlY6v4VFP7Z/HeNfvyL60li5Aj9xBf/hE+JwG3Uz1VCwL/HqMcq7DYvSM398euei25p4Ed0GbPRMoZXD5qfc2RbucwevaImnbPy1iM/4x4SvPyB77wJIh4pnSRg2poPghE21nzGjvMGpQpPlDEjWlSCxR18fubZxoXuxhhcGEvZsLUBomIPOWqb7fapxWoudT8DOGGCksmcULaRrz4I+iRvjLjXQBGfetRwcquLtWBaxd+Sw3LqG06VTjKtL2BU9h5iYnmiLdIAG8cWmnd4AQChdiUypLJaMA+0hGzj8t03mPXNpnP60QtjPV8c1c=\n-----END CERTIFICATE-----","",""
"cert_commonName","vigipirate.gouv.fr/87.98.148.216","443","OK","vigipirate.gouv.fr","",""
"cert_commonName_wo_SNI","vigipirate.gouv.fr/87.98.148.216","443","INFO","vigipirate.gouv.fr","",""
"cert_subjectAltName","vigipirate.gouv.fr/87.98.148.216","443","INFO","vigipirate.gouv.fr www.vigipirate.gouv.fr","",""
"cert_trust","vigipirate.gouv.fr/87.98.148.216","443","OK","Ok via SAN and CN (same w/o SNI)","",""
"cert_chain_of_trust","vigipirate.gouv.fr/87.98.148.216","443","OK","passed.","",""
"cert_certificatePolicies_EV","vigipirate.gouv.fr/87.98.148.216","443","INFO","no","",""
"cert_expirationStatus","vigipirate.gouv.fr/87.98.148.216","443","MEDIUM","expires < 60 days (55)","",""
"cert_notBefore","vigipirate.gouv.fr/87.98.148.216","443","INFO","2024-03-24 23:00","",""
"cert_notAfter","vigipirate.gouv.fr/87.98.148.216","443","MEDIUM","2024-12-08 22:59","",""
"cert_extlifeSpan","vigipirate.gouv.fr/87.98.148.216","443","OK","certificate has no extended life time according to browser forum","",""
"cert_eTLS","vigipirate.gouv.fr/87.98.148.216","443","INFO","not present","",""
"cert_crlDistributionPoints","vigipirate.gouv.fr/87.98.148.216","443","INFO","http://crl.certigna.fr/servicesca.crl http://crl.dhimyotis.com/servicesca.crl","",""
"cert_ocspURL","vigipirate.gouv.fr/87.98.148.216","443","INFO","http://servicesca.ocsp.dhimyotis.com http://servicesca.ocsp.certigna.fr","",""
"OCSP_stapling","vigipirate.gouv.fr/87.98.148.216","443","OK","offered","",""
"cert_ocspRevoked","vigipirate.gouv.fr/87.98.148.216","443","OK","not revoked","",""
"cert_mustStapleExtension","vigipirate.gouv.fr/87.98.148.216","443","INFO","--","",""
"DNS_CAArecord","vigipirate.gouv.fr/87.98.148.216","443","LOW","--","",""
"certificate_transparency","vigipirate.gouv.fr/87.98.148.216","443","OK","yes (certificate extension)","",""
"certs_countServer","vigipirate.gouv.fr/87.98.148.216","443","INFO","2","",""
"certs_list_ordering_problem","vigipirate.gouv.fr/87.98.148.216","443","INFO","no","",""
"cert_caIssuers","vigipirate.gouv.fr/87.98.148.216","443","INFO","Certigna Services CA (DHIMYOTIS from FR)","",""
"intermediate_cert <#1>","vigipirate.gouv.fr/87.98.148.216","443","INFO","-----BEGIN CERTIFICATE-----\nMIIGFjCCBP6gAwIBAgIQb4L6KKzW94S7WxILqHNnrTANBgkqhkiG9w0BAQsFADA0MQswCQYDVQQGEwJGUjESMBAGA1UECgwJRGhpbXlvdGlzMREwDwYDVQQDDAhDZXJ0aWduYTAeFw0xNTExMjUxMTMzNTJaFw0yNTExMjIxMTMzNTJaMH0xCzAJBgNVBAYTAkZSMRIwEAYDVQQKDAlESElNWU9USVMxHDAaBgNVBAsMEzAwMDIgNDgxNDYzMDgxMDAwMzYxHTAbBgNVBGEMFE5UUkZSLTQ4MTQ2MzA4MTAwMDM2MR0wGwYDVQQDDBRDZXJ0aWduYSBTZXJ2aWNlcyBDQTCCAiIwDQYJKoZIhvcNAQEBBQADggIPADCCAgoCggIBALPM+7LpWBz9wFcPaTc3xnB+5g0XrnptB0EPPfrR04vO52Ykm4ky1d4ZLd10tbM1fa1RqNSOVWWg93O4pL7zCFKlz6JV74ZZVhHpEAwzBwv2oPnxvVbxtSN67xsSY66ahUYxjzs8+3FhmsiRxqwnTYvK2u70uglUvRisOKyTL/M6JnrC4y8tlmoz7OSa5BmBMVplJFQtvmON6N9aHLvYMz+EyJPCbXL6pELxeHjFT5QmIaRamsr2DOTaCjtBZKI1Wnh3X7lnbjM8MESJiV2t7E9tIQNG0Z/HI3tO4aaUMum3KysY5sC8v3vi7rryGidgzHQhrtP0ZXWW5UH/k7umLS/P/XXWnCFpc2Lxa1uDGfc2im7xibRoPP+JNZszN76euFlls6jyEXAiwnVr14tVVTewLK0OWs5SJHpEKp8PGMZRDj59EmMvokWwzL6QzNZ6vVAp00oOm05sbspNY9+MFqGKKUsKvhFGEa4XmRNxDe6KswLcjPZB+NKHZ0QWFd4ip5C5XmEK/8qIPjwVr9dah9+oiHGGO8Wx7gJAMF5DTmkvW7GhqCKj1LmHnabjzc8av6kxWVQZi/C7HCm9i/W4wio+JA2EAFLqNL3GPNbK9kau4yPhQt/c7zxzo0OHnlsV4THCG7oOCd3cfCiyfQcb3FBt6OSpaKRZxjCLBwP00r0fAgMBAAGjggHZMIIB1TASBgNVHRMBAf8ECDAGAQH/AgEAMA4GA1UdDwEB/wQEAwIBBjAdBgNVHQ4EFgQUrOyGj0s3HLh/FxsZ0K7oTuM0XBIwZAYDVR0jBF0wW4AUGu3+QTmQtCRZvgHyUtVF9lo53BGhOKQ2MDQxCzAJBgNVBAYTAkZSMRIwEAYDVQQKDAlEaGlteW90aXMxETAPBgNVBAMMCENlcnRpZ25hggkA/tzjAQ/JSP8wSQYDVR0gBEIwQDA+BgoqgXoBgTEBAAECMDAwLgYIKwYBBQUHAgEWImh0dHBzOi8vd3d3LmNlcnRpZ25hLmZyL2F1dG9yaXRlcy8wfAYIKwYBBQUHAQEEcDBuMDQGCCsGAQUFBzAChihodHRwOi8vYXV0b3JpdGUuY2VydGlnbmEuZnIvY2VydGlnbmEuZGVyMDYGCCsGAQUFBzAChipodHRwOi8vYXV0b3JpdGUuZGhpbXlvdGlzLmNvbS9jZXJ0aWduYS5kZXIwYQYDVR0fBFowWDApoCegJYYjaHR0cDovL2NybC5jZXJ0aWduYS5mci9jZXJ0aWduYS5jcmwwK6ApoCeGJWh0dHA6Ly9jcmwuZGhpbXlvdGlzLmNvbS9jZXJ0aWduYS5jcmwwDQYJKoZIhvcNAQELBQADggEBAGLft7gIuGPZVfg0cTM+HT2xAZFPDb/2+siH06x+dH044zMKbBINbRzhKipwB1A3MW8FQjveE9tyrfyuqZE/X+o2SlGcdNV44ybYkxo4f6kcLEavV/IW+oFEnojZlhpksYcxrvQoEyqkAwshe8IS2KtZHKVACrt+XSs0lwvy7ALGmHaF7A4by6cZWItA7Lhj8XWp+8tBJDj7HocRbWtxzEODdBuyMgJzFrNjc+97J0vH/K0+3yjmkczpKshMA0tM+MF9XDMN/MuwrPmUWGO/fHiqHgUp8yqeWtl1n44ZxkkK1t9GRwhnDWLv73/xhTmdhWYQ/reo0GbgBoLiltKmIJQ=\n-----END CERTIFICATE-----","",""
"intermediate_cert_fingerprintSHA256 <#1>","vigipirate.gouv.fr/87.98.148.216","443","INFO","71E653BFBF5E72515B4099BBD5EC8872812B47C6EC1FA9ADD327E1C92C9EA16D","",""
"intermediate_cert_notBefore <#1>","vigipirate.gouv.fr/87.98.148.216","443","INFO","2015-11-25 11:33","",""
"intermediate_cert_notAfter <#1>","vigipirate.gouv.fr/87.98.148.216","443","OK","2025-11-22 11:33","",""
"intermediate_cert_expiration <#1>","vigipirate.gouv.fr/87.98.148.216","443","OK","ok > 40 days","",""
"intermediate_cert_chain <#1>","vigipirate.gouv.fr/87.98.148.216","443","INFO","Certigna Services CA <-- Certigna","",""
"intermediate_cert_badOCSP","vigipirate.gouv.fr/87.98.148.216","443","OK","intermediate certificate(s) is/are ok","",""
"HTTP_status_code","vigipirate.gouv.fr/87.98.148.216","443","INFO","200 OK ('/')","",""
"HTTP_clock_skew","vigipirate.gouv.fr/87.98.148.216","443","INFO","0 seconds from localtime","",""
"HTTP_headerTime","vigipirate.gouv.fr/87.98.148.216","443","INFO","1728914468","",""
"HSTS_time","vigipirate.gouv.fr/87.98.148.216","443","OK","730 days (=63072000 seconds) > 15552000 seconds","",""
"HSTS_subdomains","vigipirate.gouv.fr/87.98.148.216","443","INFO","only for this domain","",""
"HSTS_preload","vigipirate.gouv.fr/87.98.148.216","443","INFO","domain is NOT marked for preloading","",""
"HPKP","vigipirate.gouv.fr/87.98.148.216","443","INFO","No support for HTTP Public Key Pinning","",""
"banner_server","vigipirate.gouv.fr/87.98.148.216","443","INFO","Apache","",""
"banner_application","vigipirate.gouv.fr/87.98.148.216","443","INFO","No application banner found","",""
"cookie_count","vigipirate.gouv.fr/87.98.148.216","443","INFO","1 at '/'","",""
"cookie_secure","vigipirate.gouv.fr/87.98.148.216","443","OK","All (1) at '/' marked as secure","",""
"cookie_httponly","vigipirate.gouv.fr/87.98.148.216","443","OK","All (1) at '/' marked as HttpOnly","",""
"X-Frame-Options","vigipirate.gouv.fr/87.98.148.216","443","OK","SAMEORIGIN","",""
"X-Content-Type-Options","vigipirate.gouv.fr/87.98.148.216","443","OK","nosniff","",""
"Content-Security-Policy","vigipirate.gouv.fr/87.98.148.216","443","OK","default-src 'self' 'unsafe-inline' 'unsafe-eval' data:; frame-src https:","",""
"X-XSS-Protection","vigipirate.gouv.fr/87.98.148.216","443","INFO","1; mode=block","",""
"Upgrade","vigipirate.gouv.fr/87.98.148.216","443","INFO","h2,h2c","",""
"Referrer-Policy","vigipirate.gouv.fr/87.98.148.216","443","INFO","same-origin","",""
"Cache-Control","vigipirate.gouv.fr/87.98.148.216","443","INFO","no-store, no-cache, must-revalidate","",""
"Pragma","vigipirate.gouv.fr/87.98.148.216","443","INFO","no-cache","",""
"banner_reverseproxy","vigipirate.gouv.fr/87.98.148.216","443","INFO","--","","CWE-200"
"heartbleed","vigipirate.gouv.fr/87.98.148.216","443","OK","not vulnerable , timed out","CVE-2014-0160","CWE-119"
"CCS","vigipirate.gouv.fr/87.98.148.216","443","OK","not vulnerable","CVE-2014-0224","CWE-310"
"ticketbleed","vigipirate.gouv.fr/87.98.148.216","443","OK","not vulnerable","CVE-2016-9244","CWE-200"
"ROBOT","vigipirate.gouv.fr/87.98.148.216","443","OK","not vulnerable","CVE-2017-17382 CVE-2017-17427 CVE-2017-17428 CVE-2017-13098 CVE-2017-1000385 CVE-2017-13099 CVE-2016-6883 CVE-2012-5081 CVE-2017-6168","CWE-203"
"secure_renego","vigipirate.gouv.fr/87.98.148.216","443","OK","supported","","CWE-310"
"secure_client_renego","vigipirate.gouv.fr/87.98.148.216","443","OK","not vulnerable","CVE-2011-1473","CWE-310"
"CRIME_TLS","vigipirate.gouv.fr/87.98.148.216","443","OK","not vulnerable","CVE-2012-4929","CWE-310"
"BREACH","vigipirate.gouv.fr/87.98.148.216","443","OK","not vulnerable, no gzip/deflate/compress/br HTTP compression  - only supplied '/' tested","CVE-2013-3587","CWE-310"
"POODLE_SSL","vigipirate.gouv.fr/87.98.148.216","443","OK","not vulnerable, no SSLv3","CVE-2014-3566","CWE-310"
"fallback_SCSV","vigipirate.gouv.fr/87.98.148.216","443","OK","no protocol below TLS 1.2 offered","",""
"SWEET32","vigipirate.gouv.fr/87.98.148.216","443","OK","not vulnerable","CVE-2016-2183 CVE-2016-6329","CWE-327"
"FREAK","vigipirate.gouv.fr/87.98.148.216","443","OK","not vulnerable","CVE-2015-0204","CWE-310"
"DROWN","vigipirate.gouv.fr/87.98.148.216","443","OK","not vulnerable on this host and port","CVE-2016-0800 CVE-2016-0703","CWE-310"
"DROWN_hint","vigipirate.gouv.fr/87.98.148.216","443","INFO","Make sure you don't use this certificate elsewhere with SSLv2 enabled services, see https://search.censys.io/search?resource=hosts&virtual_hosts=INCLUDE&q=7C2CBCC29C4A7FB0DCCB85C681E93AD27DFDCA14F39E45602B6F3B34291350A6","CVE-2016-0800 CVE-2016-0703","CWE-310"
"LOGJAM-common_primes","vigipirate.gouv.fr/87.98.148.216","443","INFO","RFC3526/Oakley Group 15","CVE-2015-4000","CWE-310"
"LOGJAM","vigipirate.gouv.fr/87.98.148.216","443","OK","not vulnerable, no DH EXPORT ciphers,","CVE-2015-4000","CWE-310"
"BEAST","vigipirate.gouv.fr/87.98.148.216","443","OK","not vulnerable, no SSL3 or TLS1","CVE-2011-3389","CWE-20"
"LUCKY13","vigipirate.gouv.fr/87.98.148.216","443","LOW","potentially vulnerable, uses TLS CBC ciphers","CVE-2013-0169","CWE-310"
"winshock","vigipirate.gouv.fr/87.98.148.216","443","OK","not vulnerable","CVE-2014-6321","CWE-94"
"RC4","vigipirate.gouv.fr/87.98.148.216","443","OK","not vulnerable","CVE-2013-2566 CVE-2015-2808","CWE-310"
"clientsimulation-android_60","vigipirate.gouv.fr/87.98.148.216","443","INFO","TLSv1.2 ECDHE-RSA-AES128-GCM-SHA256","",""
"clientsimulation-android_70","vigipirate.gouv.fr/87.98.148.216","443","INFO","TLSv1.2 ECDHE-RSA-AES128-GCM-SHA256","",""
"clientsimulation-android_81","vigipirate.gouv.fr/87.98.148.216","443","INFO","TLSv1.2 ECDHE-RSA-AES128-GCM-SHA256","",""
"clientsimulation-android_90","vigipirate.gouv.fr/87.98.148.216","443","INFO","TLSv1.2 ECDHE-RSA-AES128-GCM-SHA256","",""
"clientsimulation-android_X","vigipirate.gouv.fr/87.98.148.216","443","INFO","TLSv1.2 ECDHE-RSA-AES128-GCM-SHA256","",""
"clientsimulation-android_11","vigipirate.gouv.fr/87.98.148.216","443","INFO","TLSv1.2 ECDHE-RSA-AES128-GCM-SHA256","",""
"clientsimulation-android_12","vigipirate.gouv.fr/87.98.148.216","443","INFO","TLSv1.2 ECDHE-RSA-AES128-GCM-SHA256","",""
"clientsimulation-chrome_79_win10","vigipirate.gouv.fr/87.98.148.216","443","INFO","TLSv1.2 ECDHE-RSA-AES128-GCM-SHA256","",""
"clientsimulation-chrome_101_win10","vigipirate.gouv.fr/87.98.148.216","443","INFO","TLSv1.2 ECDHE-RSA-AES128-GCM-SHA256","",""
"clientsimulation-firefox_66_win81","vigipirate.gouv.fr/87.98.148.216","443","INFO","TLSv1.2 ECDHE-RSA-AES128-GCM-SHA256","",""
"clientsimulation-firefox_100_win10","vigipirate.gouv.fr/87.98.148.216","443","INFO","TLSv1.2 ECDHE-RSA-AES128-GCM-SHA256","",""
"clientsimulation-ie_6_xp","vigipirate.gouv.fr/87.98.148.216","443","INFO","No connection","",""
"clientsimulation-ie_8_win7","vigipirate.gouv.fr/87.98.148.216","443","INFO","No connection","",""
"clientsimulation-ie_8_xp","vigipirate.gouv.fr/87.98.148.216","443","INFO","No connection","",""
"clientsimulation-ie_11_win7","vigipirate.gouv.fr/87.98.148.216","443","INFO","TLSv1.2 DHE-RSA-AES128-GCM-SHA256","",""
"clientsimulation-ie_11_win81","vigipirate.gouv.fr/87.98.148.216","443","INFO","TLSv1.2 DHE-RSA-AES128-GCM-SHA256","",""
"clientsimulation-ie_11_winphone81","vigipirate.gouv.fr/87.98.148.216","443","INFO","TLSv1.2 ECDHE-RSA-AES128-SHA256","",""
"clientsimulation-ie_11_win10","vigipirate.gouv.fr/87.98.148.216","443","INFO","TLSv1.2 ECDHE-RSA-AES128-GCM-SHA256","",""
"clientsimulation-edge_15_win10","vigipirate.gouv.fr/87.98.148.216","443","INFO","TLSv1.2 ECDHE-RSA-AES128-GCM-SHA256","",""
"clientsimulation-edge_101_win10_21h2","vigipirate.gouv.fr/87.98.148.216","443","INFO","TLSv1.2 ECDHE-RSA-AES128-GCM-SHA256","",""
"clientsimulation-safari_121_ios_122","vigipirate.gouv.fr/87.98.148.216","443","INFO","TLSv1.2 ECDHE-RSA-AES128-GCM-SHA256","",""
"clientsimulation-safari_130_osx_10146","vigipirate.gouv.fr/87.98.148.216","443","INFO","TLSv1.2 ECDHE-RSA-AES128-GCM-SHA256","",""
"clientsimulation-safari_154_osx_1231","vigipirate.gouv.fr/87.98.148.216","443","INFO","TLSv1.2 ECDHE-RSA-AES128-GCM-SHA256","",""
"clientsimulation-java_7u25","vigipirate.gouv.fr/87.98.148.216","443","INFO","No connection","",""
"clientsimulation-java_8u161","vigipirate.gouv.fr/87.98.148.216","443","INFO","TLSv1.2 ECDHE-RSA-AES128-GCM-SHA256","",""
"clientsimulation-java1102","vigipirate.gouv.fr/87.98.148.216","443","INFO","TLSv1.2 ECDHE-RSA-AES128-GCM-SHA256","",""
"clientsimulation-java1703","vigipirate.gouv.fr/87.98.148.216","443","INFO","TLSv1.2 ECDHE-RSA-AES128-GCM-SHA256","",""
"clientsimulation-go_1178","vigipirate.gouv.fr/87.98.148.216","443","INFO","TLSv1.2 ECDHE-RSA-AES128-GCM-SHA256","",""
"clientsimulation-libressl_283","vigipirate.gouv.fr/87.98.148.216","443","INFO","TLSv1.2 ECDHE-RSA-AES128-GCM-SHA256","",""
"clientsimulation-openssl_102e","vigipirate.gouv.fr/87.98.148.216","443","INFO","TLSv1.2 ECDHE-RSA-AES128-GCM-SHA256","",""
"clientsimulation-openssl_110l","vigipirate.gouv.fr/87.98.148.216","443","INFO","TLSv1.2 ECDHE-RSA-AES128-GCM-SHA256","",""
"clientsimulation-openssl_111d","vigipirate.gouv.fr/87.98.148.216","443","INFO","TLSv1.2 ECDHE-RSA-AES128-GCM-SHA256","",""
"clientsimulation-openssl_303","vigipirate.gouv.fr/87.98.148.216","443","INFO","TLSv1.2 ECDHE-RSA-AES128-GCM-SHA256","",""
"clientsimulation-apple_mail_16_0","vigipirate.gouv.fr/87.98.148.216","443","INFO","TLSv1.2 ECDHE-RSA-AES128-GCM-SHA256","",""
"clientsimulation-thunderbird_91_9","vigipirate.gouv.fr/87.98.148.216","443","INFO","TLSv1.2 ECDHE-RSA-AES128-GCM-SHA256","",""
"rating_spec","vigipirate.gouv.fr/87.98.148.216","443","INFO","SSL Labs's 'SSL Server Rating Guide' (version 2009q from 2020-01-30)","",""
"rating_doc","vigipirate.gouv.fr/87.98.148.216","443","INFO","https://github.com/ssllabs/research/wiki/SSL-Server-Rating-Guide","",""
"protocol_support_score","vigipirate.gouv.fr/87.98.148.216","443","INFO","100","",""
"protocol_support_score_weighted","vigipirate.gouv.fr/87.98.148.216","443","INFO","30","",""
"key_exchange_score","vigipirate.gouv.fr/87.98.148.216","443","INFO","90","",""
"key_exchange_score_weighted","vigipirate.gouv.fr/87.98.148.216","443","INFO","27","",""
"cipher_strength_score","vigipirate.gouv.fr/87.98.148.216","443","INFO","60","",""
"cipher_strength_score_weighted","vigipirate.gouv.fr/87.98.148.216","443","INFO","24","",""
"final_score","vigipirate.gouv.fr/87.98.148.216","443","INFO","81","",""
"overall_grade","vigipirate.gouv.fr/87.98.148.216","443","OK","A+","",""
